{
  "egt": 0.97,
  "engine_rpm_percentage": 0.97,
  "fuel_flow": 57,
  "hdg": 310,
  "pitch": 32.199999999999996,
  "port_fuel": 989,
  "roll": -18.900000000000002,
  "stbd_fuel": 989,
  "total_fuel": 4753
}