{
  "egt": 0.365,
  "engine_rpm_percentage": 0.365,
  "fuel_flow": 21,
  "hdg": 129.6,
  "pitch": -25.200000000000003,
  "port_fuel": 372,
  "roll": -11.134283473062876,
  "stbd_fuel": 367,
  "total_fuel": 1764
}